{"model.0.weight": [[-0.34102389216423035, -1.2623004913330078, -3.8328678607940674], [-0.15713736414909363, -2.387397289276123, 1.5772398710250854], [-0.9198091626167297, -0.27299878001213074, -0.43218764662742615], [-0.7135754823684692, 2.758255958557129, 1.0430110692977905], [0.9707075357437134, 1.7602880001068115, -2.4401776790618896], [0.6928755044937134, 1.3334627151489258, 0.2215569019317627], [-1.4202752113342285, 3.230956792831421, -0.5996261239051819], [-0.22594204545021057, -0.2831878066062927, 0.14937421679496765], [1.2743414640426636, 1.4307234287261963, -0.09448196738958359], [-0.0280236154794693, 0.328159362077713, -0.4012627899646759], [0.40118512511253357, 1.2310973405838013, 2.3889009952545166], [-0.2059527188539505, 0.028548547998070717, 0.19496044516563416], [0.6691833138465881, -1.6072450876235962, 2.008768320083618], [-0.08132701367139816, -4.054845333099365, -0.22158010303974152], [0.8222873210906982, -2.0162246227264404, -0.27067482471466064], [0.2397869974374771, -0.09359368681907654, -0.5017103552818298]], "model.0.bias": [0.9817715883255005, 0.8654313683509827, 0.8957944512367249, 0.7792912721633911, -0.11015675216913223, 0.050465039908885956, 0.6044859290122986, -0.11632606387138367, -0.36758118867874146, -0.28393641114234924, 0.29247599840164185, -0.06344308704137802, 0.37023410201072693, 0.7480247616767883, 0.15128971636295319, -0.42688804864883423], "model.2.weight": [[-0.12034040689468384, -0.1030193343758583, 0.10860265791416168, -0.13590267300605774, -0.13713394105434418, -0.07916177064180374, -0.1092923954129219, -0.06155404448509216, -0.2446102797985077, 0.2227468192577362, 0.1288633793592453, -0.11829665303230286, -0.15598317980766296, -0.035443395376205444, 0.10444676876068115, -0.17941033840179443], [0.001694692182354629, -0.09522335976362228, -1.1572734117507935, -0.45071613788604736, 0.49692490696907043, 0.9645897746086121, -0.32446572184562683, -0.23108124732971191, 0.6837664246559143, 0.08862054347991943, 0.26728951930999756, 0.06625232100486755, 0.10018808394670486, -0.17115887999534607, 1.1118234395980835, -0.19062551856040955], [-0.772465705871582, 0.20301349461078644, 0.32239410281181335, 1.0001755952835083, -0.000252137309871614, 0.2072361409664154, 0.696132481098175, -0.0683077871799469, 0.13124524056911469, 0.24370521306991577, 0.7570639848709106, -0.10928374528884888, 0.6498833894729614, -2.5132057666778564, 0.4409652650356293, -0.09592011570930481], [-0.12225387245416641, -0.09438436478376389, 0.1775738000869751, 0.17750690877437592, -0.08247099816799164, -0.1343250423669815, 0.06194556877017021, -0.019949227571487427, -0.2378775179386139, 0.08149188756942749, 0.23933860659599304, -0.19816821813583374, -0.10848858207464218, -0.004864587914198637, -0.262341171503067, -0.21404016017913818], [0.8802645802497864, -0.9015774726867676, 0.010744891129434109, -0.9304196834564209, 1.4961374998092651, 0.46181437373161316, -0.19985243678092957, 0.16491276025772095, 0.2048998326063156, -0.07228133082389832, -1.1506640911102295, 0.1914045512676239, -0.8544085025787354, 0.2528332471847534, 1.0351322889328003, -0.05085894465446472], [0.5150875449180603, 1.005029559135437, -0.20583653450012207, -0.39524123072624207, -0.6434088945388794, -0.47749611735343933, 2.420889139175415, 0.19715622067451477, 0.025315001606941223, 0.16946834325790405, -0.4380207657814026, 0.07207578420639038, 0.7606751918792725, -0.6270501017570496, 0.9313462376594543, 0.138392835855484], [-1.0129125118255615, 1.3334728479385376, -0.8613719940185547, -0.3836571276187897, -1.0804531574249268, -0.21888351440429688, -1.1213750839233398, -0.16186076402664185, -0.7711195945739746, 0.07739126682281494, 1.1825976371765137, -0.19043982028961182, 1.43451988697052, -0.23819929361343384, -0.08193516731262207, 0.24745872616767883], [-0.14595867693424225, -0.20239262282848358, -0.14633554220199585, -0.07209760695695877, -0.2806927263736725, 0.13787993788719177, -0.053551387041807175, 0.12449881434440613, -0.07810328155755997, -0.025755465030670166, -0.027095559984445572, -0.06842634081840515, 0.17595437169075012, -0.11421859264373779, 0.017673281952738762, -0.16962715983390808], [-1.3431432247161865, -0.8987436294555664, 0.6807637214660645, 2.2006614208221436, -0.01418765727430582, 0.43476754426956177, -0.0868002325296402, 0.19600731134414673, 1.3368264436721802, 0.18047919869422913, 0.580312967300415, 0.2060418426990509, 0.06842108815908432, 1.0849049091339111, -0.0681833028793335, 0.09305033087730408], [0.2602543532848358, 0.25141775608062744, 1.2248495817184448, 0.29860231280326843, -0.5983787178993225, -0.6220257878303528, -0.061386849731206894, -0.22755056619644165, -0.23308837413787842, 0.03049638867378235, -1.3600571155548096, 0.05387300252914429, -0.5105437636375427, 0.2360595017671585, -0.8881620764732361, 0.16932174563407898], [0.8174450397491455, 1.5059337615966797, 0.40018483996391296, -0.4796745479106903, -2.283464193344116, -0.35461246967315674, -1.4458589553833008, -0.23322263360023499, 0.10998093336820602, 0.12712088227272034, 0.48263096809387207, -0.22780519723892212, 0.8248612880706787, -0.9139055609703064, 0.27788618206977844, -0.1467115879058838], [-0.48674702644348145, -0.40263453125953674, -0.30249667167663574, -0.4994867444038391, -0.2777252793312073, -0.3699687421321869, 0.19074071943759918, -3.555417060852051e-05, -0.23071256279945374, -0.24454554915428162, -0.1094239354133606, -0.15322428941726685, -0.08383309841156006, -0.01683948189020157, -0.3249882459640503, 0.028058499097824097], [0.07781415432691574, -0.07983198761940002, -0.2684245705604553, 0.05226001888513565, 0.058891940861940384, -0.19700495898723602, -0.22836792469024658, -0.043628841638565063, 0.036351852118968964, -0.126431405544281, -0.0060093700885772705, -0.10803264379501343, -0.15738052129745483, -0.09424248337745667, -0.1553218513727188, 0.19203618168830872], [0.5275088548660278, 1.156254768371582, 1.8477452993392944, 1.0419602394104004, -0.6746085286140442, -0.2598186433315277, 1.8171459436416626, 0.18507063388824463, -0.8268872499465942, 0.22107961773872375, 0.18297240138053894, -0.05554512143135071, 0.08347754180431366, 0.3901941180229187, -0.37561073899269104, 0.08647802472114563], [1.173403024673462, -0.1301097869873047, -1.6089404821395874, -2.41961407661438, 0.09235662966966629, 0.28242629766464233, 2.1400113105773926, -0.06337878108024597, -2.0972187519073486, 0.041044145822525024, -1.3884235620498657, 0.1886606216430664, -0.17607997357845306, 1.2258902788162231, 0.47794264554977417, 0.10983419418334961], [1.3643827438354492, -0.34056782722473145, 0.6670960187911987, 0.16232870519161224, 0.776885986328125, 0.18407608568668365, 2.2768325805664062, -0.019607752561569214, -0.39424818754196167, 0.07509580254554749, -0.8614287972450256, 0.15931880474090576, -0.6710556149482727, 1.1977548599243164, 0.1625038981437683, 0.0994294285774231]], "model.2.bias": [0.02634929120540619, 0.5317107439041138, 0.12802886962890625, -0.16919660568237305, 0.2881791889667511, 0.08680210262537003, 0.02864883653819561, -0.1477624475955963, -0.07299212366342545, 0.1992814689874649, 0.5454549789428711, -0.2062823474407196, -0.034412555396556854, 0.4900994896888733, -0.2032785713672638, -0.004097316414117813],