{"model.0.weight": [[-0.20030033588409424, 0.26720723509788513, -3.067061185836792], [0.37779486179351807, -2.460843324661255, 2.4424517154693604], [-1.2657252550125122, 4.331447601318359, -0.4539589583873749], [0.006858118809759617, 2.8518738746643066, 1.745988368988037], [0.689226508140564, 1.9626559019088745, -2.345236301422119], [0.25181275606155396, 1.626083254814148, 1.8219257593154907], [-0.15090949833393097, 2.8287808895111084, 0.3905467689037323], [-0.22594204545021057, -0.2831878066062927, 0.14937421679496765], [1.392415165901184, 0.039532892405986786, -2.2482972145080566], [-0.0280236154794693, 0.328159362077713, -0.4012627899646759], [0.24950367212295532, 3.843648672103882, 2.4114010334014893], [-0.2059527188539505, 0.028548547998070717, 0.19496044516563416], [0.4601484537124634, -4.3310699462890625, 1.7801741361618042], [-0.08871947973966599, -1.3822035789489746, -2.0267274379730225], [0.6844762563705444, -0.39721348881721497, -2.4802136421203613], [0.2397869974374771, -0.09359368681907654, -0.5017103552818298]], "model.0.bias": [0.5413312911987305, 0.774438738822937, 0.4486790895462036, 0.8606047630310059, 0.21861159801483154, 0.22297941148281097, 0.770589292049408, -0.11632606387138367, -0.5445230007171631, -0.28393641114234924, 0.1075495108962059, -0.06344308704137802, 0.21944840252399445, 0.6096372604370117, 0.19637352228164673, -0.42688804864883423], "model.2.weight": [[-0.11558441817760468, -0.09833862632513046, 0.1137310191988945, -0.13145992159843445, -0.12563097476959229, -0.06923089921474457, -0.10477209091186523, -0.06155404448509216, -0.2446102797985077, 0.2227468192577362, 0.12303631007671356, -0.11829665303230286, -0.16733166575431824, -0.030545588582754135, 0.11293669790029526, -0.17941033840179443], [-0.22187533974647522, -0.7857836484909058, -1.852610468864441, -0.3252211809158325, 0.969850480556488, 0.2743423283100128, 0.320880651473999, -0.23108124732971191, 0.8399829268455505, 0.08862054347991943, 0.9985314011573792, 0.06625232100486755, -0.011599688790738583, 1.0313667058944702, 1.1382365226745605, -0.19062551856040955], [-1.3771030902862549, -1.1004624366760254, 0.4937828481197357, 1.266785740852356, 0.9443151950836182, 1.0374436378479004, 1.1685051918029785, -0.0683077871799469, 0.997759997844696, 0.24370521306991577, -1.3122944831848145, -0.10928374528884888, 1.1630845069885254, -1.2184382677078247, 0.06009671837091446, -0.09592011570930481], [-1.2567025423049927, 0.6561662554740906, 1.3986986875534058, 0.7385693788528442, 0.2022387981414795, 0.7583175301551819, 0.3552486002445221, -0.019949227571487427, -0.14134322106838226, 0.08149188756942749, 0.23184123635292053, -0.19816821813583374, -1.8297137022018433, -1.3804008960723877, -0.15168777108192444, -0.21404016017913818], [0.8325740098953247, -1.3967504501342773, 1.009231448173523, 0.22702743113040924, 1.1861848831176758, -0.45831677317619324, 0.44031623005867004, 0.16491276025772095, 0.8336445093154907, -0.07228133082389832, -1.6782306432724, 0.1914045512676239, -1.811564564704895, 0.9109480977058411, 0.354959100484848, -0.05085894465446472], [1.073697566986084, 0.2151494175195694, 0.7185987830162048, -0.29745903611183167, 0.7357943654060364, -0.1655689924955368, -0.22198772430419922, 0.19715622067451477, 0.28045788407325745, 0.16946834325790405, -0.3444195091724396, 0.07207578420639038, -0.4592757523059845, 1.3694145679473877, 1.000415563583374, 0.138392835855484], [0.7625452280044556, 1.3446918725967407, 0.9795833230018616, -1.3372403383255005, -1.6664413213729858, -0.37870457768440247, -1.57240629196167, -0.16186076402664185, 0.684831976890564, 0.07739126682281494, 2.829085350036621, -0.19043982028961182, 0.7149301767349243, 0.6425446271896362, 0.3268502652645111, 0.24745872616767883], [-0.14524880051612854, -0.20241226255893707, -0.14633554220199585, -0.07214135676622391, -0.2807283401489258, 0.13786324858665466, -0.05360162630677223, 0.12449881434440613, -0.1956699639558792, -0.025755465030670166, -0.02714800462126732, -0.06842634081840515, 0.17593002319335938, -0.11421859264373779, 0.017595797777175903, -0.16962715983390808], [0.08270607143640518, -0.6640496253967285, -1.4787994623184204, 0.5526803135871887, 0.9968413710594177, 0.5601568818092346, 0.4569387137889862, 0.19600731134414673, 1.2206522226333618, 0.18047919869422913, -2.3270580768585205, 0.2060418426990509, -0.9388824701309204, 0.6464059948921204, 0.9200365543365479, 0.09305033087730408], [0.005539656151086092, -0.10639836639165878, 0.2203039675951004, -0.07741502672433853, -0.053509943187236786, 0.038148317486047745, -0.21244247257709503, -0.22755056619644165, -0.3054308593273163, 0.03049638867378235, -0.1782468557357788, 0.05387300252914429, -0.1790369302034378, -0.044606272131204605, -0.05904340744018555, 0.16932174563407898], [-0.40686431527137756, 1.2906562089920044, -1.8211579322814941, 0.9824619293212891, -0.6059113144874573, 0.6107913255691528, 0.04220864176750183, -0.23322263360023499, 0.24509431421756744, 0.12712088227272034, -0.3174770772457123, -0.22780519723892212, 0.17911018431186676, -0.49979594349861145, 0.7332950234413147, -0.1467115879058838], [-0.2377174198627472, -0.25266343355178833, -0.03875696659088135, -0.3359466791152954, -0.02097214199602604, -0.2106505036354065, -0.1423684060573578, -3.555417060852051e-05, -0.0722380131483078, -0.24454554915428162, 0.04182279855012894, -0.15322428941726685, 0.06537842750549316, 0.1433858573436737, -0.1699080765247345, 0.028058499097824097], [0.07781490683555603, -0.0798310860991478, -0.2684544026851654, 0.05226079747080803, 0.0588926337659359, -0.19700419902801514, -0.22836700081825256, -0.043628841638565063, 0.03600902482867241, -0.126431405544281, -0.0060093700885772705, -0.10803264379501343, -0.15737316012382507, -0.09424181282520294, -0.15532074868679047, 0.19203618168830872], [0.5157842040061951, 1.3958841562271118, 2.657275915145874, 0.6781026124954224, -0.8645620942115784, 0.7377715110778809, 0.3324764668941498, 0.18507063388824463, -0.7757956981658936, 0.22107961773872375, -0.7212806940078735, -0.05554512143135071, -0.022400477901101112, -0.09163972735404968, -0.2786156237125397, 0.08647802472114563], [0.1282668560743332, -0.1062726229429245, -0.020364345982670784, -0.17579661309719086, -0.11976297944784164, 0.05668932944536209, -0.12311235070228577, -0.06337878108024597, -0.15269117057323456, 0.041044145822525024, 0.13686278462409973, 0.1886606216430664, -0.10027433186769485, -0.03553514555096626, 0.11465083062648773, 0.10983419418334961], [0.4619808495044708, -0.1560433804988861, 0.40726569294929504, -0.3607485890388489, 0.8722258806228638, -0.26018014550209045, -0.14099478721618652, -0.019607752561569214, 0.7551038265228271, 0.07509580254554749, 0.33875614404678345, 0.15931880474090576, 0.23538082838058472, 1.046555995941162, 0.5488999485969543, 0.0994294285774231]], "model.2.bias": [0.028900709003210068, 0.38271260261535645, 0.2871171534061432, -0.07663901895284653, 0.1734027862548828, 0.16287848353385925, 0.3794858455657959, -0.14777205884456635, -0.11284353584051132, 0.1391037106513977, 0.6591567397117615, -0.05190771073102951, -0.034412283450365067, 0.5154379606246948, -0.09503356367349625, -0.2400507926940918],