{
  "degree": 3,
  "n_variables": 5,
  "terms": [
    [
      [
        0,
        0,
        0,
        0,
        0
      ],
      [
        2400.2950921474276,
        -3850.109184112679,
        -927.5672797535593
      ]
    ],
    [
      [
        0,
        0,
        0,
        0,
        1
      ],
      [
        -9116.410551755782,
        10323.347966345136,
        -1301.6006264612602
      ]
    ],
    [
      [
        0,
        0,
        0,
        1,
        0
      ],
      [
        -26779.886795520917,
        14613.014715543746,
        8257.513165169737
      ]
    ],
    [
      [
        0,
        0,
        1,
        0,
        0
      ],
      [
        8994.499135052127,
        2999.123863130573,
        10834.658325753557
      ]
    ],
    [
      [
        0,
        1,
        0,
        0,
        0
      ],
      [
        1634.433247667159,
        19170.303879670108,
        6619.621553680398
      ]
    ],
    [
      [
        1,
        0,
        0,
        0,
        0
      ],
      [
        -4530.999809407555,
        20009.76926715308,
        6762.1048446564855
      ]
    ],
    [
      [
        0,
        0,
        0,
        0,
        2
      ],
      [
        5721.208873839283,
        1247.1454877648944,
        -624.4913357935251
      ]
    ],
    [
      [
        0,
        0,
        0,
        1,
        1
      ],
      [
        120114.26255984596,
        -39787.76714312618,
        -13409.924601654999
      ]
    ],
    [
      [
        0,
        0,
        0,
        2,
        0
      ],
      [
        17376.765346529755,
        -11471.15201259849,
        -17329.608361005787
      ]
    ],
    [
      [
        0,
        0,
        1,
        0,
        1
      ],
      [
        -56833.0839880324,
        47049.61285684853,
        -25279.80236830169
      ]
    ],
    [
      [
        0,
        0,
        1,
        1,
        0
      ],
      [
        -8239.393769945262,
        2579.9770759689736,
        -59175.120852433305
      ]
    ],
    [
      [
        0,
        0,
        2,
        0,
        0
      ],
      [
        -6281.534456977872,
        -7082.312955339119,
        -2592.6218703170357
      ]
    ],
    [
      [
        0,
        1,
        0,
        0,
        1
      ],
      [
        -22627.31608057465,
        -98025.48084947115,
        35075.26379653047
      ]
    ],
    [
      [
        0,
        1,
        0,
        1,
        0
      ],
      [
        73249.3388679375,
        -22158.807956654833,
        3996.126288149152
      ]
    ],
    [
      [
        0,
        1,
        1,
        0,
        0
      ],
      [
        -74712.83548486904,
        -56253.29274750811,
        -30153.345851841288
      ]
    ],
    [
      [
        0,
        2,
        0,
        0,
        0
      ],
      [
        -194.05820129511926,
        -11462.183435136167,
        -6266.062180072047
      ]
    ],
    [
      [
        1,
        0,
        0,
        0,
        1
      ],
      [
        -962.4013430925173,
        -76982.27532754147,
        -1875.8350216537976
      ]
    ],
    [
      [
        1,
        0,
        0,
        1,
        0
      ],
      [
        53993.78009652502,
        -91789.25968530616,
        -6266.3717244302625
      ]
    ],
    [
      [
        1,
        0,
        1,
        0,
        0
      ],
      [
        1895.6258905064358,
        -17901.723449372246,
        -25370.976946260056
      ]
    ],
    [
      [
        1,
        1,
        0,
        0,
        0
      ],
      [
        10526.852003150247,
        -54129.379235081884,
        -79483.46733532003
      ]
    ],
    [
      [
        2,
        0,
        0,
        0,
        0
      ],
      [
        -1783.7182727348036,
        -9340.331750771635,
        -6419.559667596452
      ]
    ],
    [
      [
        0,
        0,
        0,
        0,
        3
      ],
      [
        995.1199512205393,
        -7720.38679883848,
        2853.6618295433427
      ]
    ],
    [
      [
        0,
        0,
        0,
        1,
        2
      ],
      [
        -88021.45789303767,
        14831.254452860143,
        11162.759509159747
      ]
    ],
    [
      [
        0,
        0,
        0,
        2,
        1
      ],
      [
        -82013.88414008568,
        23259.870624157185,
        18308.879333650937
      ]
    ],
    [
      [
        0,
        0,
        0,
        3,
        0
      ],
      [
        7003.772205161676,
        708.2432522595748,
        9999.652792683295
      ]
    ],
    [
      [
        0,
        0,
        1,
        0,
        2
      ],
      [
        53150.16526760975,
        -60392.20828778886,
        20455.838920873222
      ]
    ],
    [
      [
        0,
        0,
        1,
        1,
        1
      ],
      [
        -15634.932619437011,
        -42612.825005615334,
        67848.54359962611
      ]
    ],
    [
      [
        0,
        0,
        1,
        2,
        0
      ],
      [
        28229.41445984335,
        -11783.240927622302,
        51937.88844771661
      ]
    ],
    [
      [
        0,
        0,
        2,
        0,
        1
      ],
      [
        47042.39997382302,
        -44738.001887944156,
        10287.431086178098
      ]
    ],
    [
      [
        0,
        0,
        2,
        1,
        0
      ],
      [
        16112.894971632493,
        -4558.178440820811,
        34623.18840974365
      ]
    ],
    [
      [
        0,
        0,
        3,
        0,
        0
      ],
      [
        -5112.709668924808,
        7933.487433658472,
        -7314.387091295108
      ]
    ],
    [
      [
        0,
        1,
        0,
        0,
        2
      ],
      [
        26304.385572454754,
        68511.6922753781,
        -35684.681256864504
      ]
    ],
    [
      [
        0,
        1,
        0,
        1,
        1
      ],
      [
        -116610.18984262602,
        94859.96955482916,
        -47247.328760567565
      ]
    ],
    [
      [
        0,
        1,
        0,
        2,
        0
      ],
      [
        -45898.79231014236,
        -3216.2747014332635,
        -7018.115708748752
      ]
    ],
    [
      [
        0,
        1,
        1,
        0,
        1
      ],
      [
        136748.77065051947,
        65343.79464441527,
        -6382.071756164771
      ]
    ],
    [
      [
        0,
        1,
        1,
        1,
        0
      ],
      [
        27607.440606025648,
        25368.77555315401,
        39474.313420762286
      ]
    ],
    [
      [
        0,
        1,
        2,
        0,
        0
      ],
      [
        54171.60176554155,
        49718.09276970559,
        7239.764985372167
      ]
    ],
    [
      [
        0,
        2,
        0,
        0,
        1
      ],
      [
        21469.706374872792,
        72373.56868547524,
        -37963.77401620953
      ]
    ],
    [
      [
        0,
        2,
        0,
        1,
        0
      ],
      [
        -56742.823687169934,
        -7782.208576047815,
        -16443.673592354826
      ]
    ],
    [
      [
        0,
        2,
        1,
        0,
        0
      ],
      [
        55444.56924743675,
        37926.13302492813,
        15128.682882817682
      ]
    ],
    [
      [
        0,
        3,
        0,
        0,
        0
      ],
      [
        -3839.92163050039,
        -3858.0279942438665,
        574.1380847980173
      ]
    ],
    [
      [
        1,
        0,
        0,
        0,
        2
      ],
      [
        10804.624200362785,
        46629.148460488585,
        1124.2048632433289
      ]
    ],
    [
      [
        1,
        0,
        0,
        1,
        1
      ],
      [
        -106686.92673547703,
        141767.31506458198,
        -318.2645981674068
      ]
    ],
    [
      [
        1,
        0,
        0,
        2,
        0
      ],
      [
