{
  "degree": 3,
  "n_variables": 5,
  "terms": [
    [
      [
        0,
        0,
        0,
        0,
        0
      ],
      [
        2520.542090497084,
        2449.5907047813193,
        54.7673746757967
      ]
    ],
    [
      [
        0,
        0,
        0,
        0,
        1
      ],
      [
        -27825.750808282548,
        -3891.4066368949807,
        7750.774460783844
      ]
    ],
    [
      [
        0,
        0,
        0,
        1,
        0
      ],
      [
        -11556.009352593881,
        -8444.81728638165,
        -4034.1916482405027
      ]
    ],
    [
      [
        0,
        0,
        1,
        0,
        0
      ],
      [
        21225.04002174712,
        -25803.52223689316,
        13760.12814299588
      ]
    ],
    [
      [
        0,
        1,
        0,
        0,
        0
      ],
      [
        -6992.552426539769,
        -4070.806403683393,
        -3077.4847860526074
      ]
    ],
    [
      [
        1,
        0,
        0,
        0,
        0
      ],
      [
        -8523.445589886738,
        -5508.092532553027,
        1061.3218035742918
      ]
    ],
    [
      [
        0,
        0,
        0,
        0,
        2
      ],
      [
        17842.73275970506,
        7851.2484939520555,
        -11153.144996244477
      ]
    ],
    [
      [
        0,
        0,
        0,
        1,
        1
      ],
      [
        76821.60274700103,
        -10957.255258459549,
        -13753.009975805864
      ]
    ],
    [
      [
        0,
        0,
        0,
        2,
        0
      ],
      [
        272.25324748171005,
        3841.0976468006693,
        -8960.510753898481
      ]
    ],
    [
      [
        0,
        0,
        1,
        0,
        1
      ],
      [
        -33553.58512399561,
        80562.97402063287,
        -30772.3597326592
      ]
    ],
    [
      [
        0,
        0,
        1,
        1,
        0
      ],
      [
        -61270.82088818465,
        92806.90112260234,
        -27991.912807398538
      ]
    ],
    [
      [
        0,
        0,
        2,
        0,
        0
      ],
      [
        -22387.97627094523,
        14329.465273006965,
        -6471.661873628516
      ]
    ],
    [
      [
        0,
        1,
        0,
        0,
        1
      ],
      [
        60298.74817853079,
        7968.463244257449,
        -801.9639376938253
      ]
    ],
    [
      [
        0,
        1,
        0,
        1,
        0
      ],
      [
        88740.42182459107,
        -17720.611560770238,
        31753.55452034953
      ]
    ],
    [
      [
        0,
        1,
        1,
        0,
        0
      ],
      [
        -79757.24905710669,
        39177.23642485022,
        -24973.588189880375
      ]
    ],
    [
      [
        0,
        2,
        0,
        0,
        0
      ],
      [
        1457.3363734790028,
        593.3258123868968,
        -722.8106284098177
      ]
    ],
    [
      [
        1,
        0,
        0,
        0,
        1
      ],
      [
        130896.24251510916,
        -24792.66161606073,
        -17146.05020154186
      ]
    ],
    [
      [
        1,
        0,
        0,
        1,
        0
      ],
      [
        13265.87218815792,
        21180.47573733453,
        16497.568811019064
      ]
    ],
    [
      [
        1,
        0,
        1,
        0,
        0
      ],
      [
        -72865.6343665204,
        84153.09851448608,
        -64507.012715605946
      ]
    ],
    [
      [
        1,
        1,
        0,
        0,
        0
      ],
      [
        27416.802272997043,
        33246.01073211654,
        -2641.453292401015
      ]
    ],
    [
      [
        2,
        0,
        0,
        0,
        0
      ],
      [
        2521.4585285278226,
        939.7863389289209,
        1707.2054796172506
      ]
    ],
    [
      [
        0,
        0,
        0,
        0,
        3
      ],
      [
        7462.8065868695085,
        -6409.431927547113,
        3347.6031976707322
      ]
    ],
    [
      [
        0,
        0,
        0,
        1,
        2
      ],
      [
        -35016.47324528023,
        11984.863285371826,
        13274.461456895944
      ]
    ],
    [
      [
        0,
        0,
        0,
        2,
        1
      ],
      [
        -33715.30718751621,
        20548.436964678633,
        22866.892462881344
      ]
    ],
    [
      [
        0,
        0,
        0,
        3,
        0
      ],
      [
        8763.992478055115,
        2154.128261451139,
        12939.931882077672
      ]
    ],
    [
      [
        0,
        0,
        1,
        0,
        2
      ],
      [
        42576.86173272164,
        -62176.63918575261,
        12499.736382388082
      ]
    ],
    [
      [
        0,
        0,
        1,
        1,
        1
      ],
      [
        39197.71017258204,
        -100830.44002952387,
        37234.38603909482
      ]
    ],
    [
      [
        0,
        0,
        1,
        2,
        0
      ],
      [
        55326.300170311195,
        -61303.47148996096,
        31096.48704326292
      ]
    ],
    [
      [
        0,
        0,
        2,
        0,
        1
      ],
      [
        33757.02482453183,
        -46741.943209105186,
        1808.7411933938301
      ]
    ],
    [
      [
        0,
        0,
        2,
        1,
        0
      ],
      [
        45204.81678649042,
        -54432.767226417556,
        10812.820380365361
      ]
    ],
    [
      [
        0,
        0,
        3,
        0,
        0
      ],
      [
        -1357.0512294864072,
        9024.652241130692,
        -7343.146898015199
      ]
    ],
    [
      [
        0,
        1,
        0,
        0,
        2
      ],
      [
        -23057.966625395096,
        -11314.892309458712,
        -633.4351845873725
      ]
    ],
    [
      [
        0,
        1,
        0,
        1,
        1
      ],
      [
        -148230.89866788688,
        38826.21503814749,
        -18804.667422115257
      ]
    ],
    [
      [
        0,
        1,
        0,
        2,
        0
      ],
      [
        -66467.11200611507,
        27491.117466808093,
        -11811.382396554782
      ]
    ],
    [
      [
        0,
        1,
        1,
        0,
        1
      ],
      [
        65077.86384441041,
        -74874.73306014645,
        19352.81263098622
      ]
    ],
    [
      [
        0,
        1,
        1,
        1,
        0
      ],
      [
        31815.052934738058,
        -52322.04873649322,
        7586.659783036757
      ]
    ],
    [
      [
        0,
        1,
        2,
        0,
        0
      ],
      [
        59127.63258409183,
        -5176.935991225197,
        6838.258071748183
      ]
    ],
    [
      [
        0,
        2,
        0,
        0,
        1
      ],
      [
        -27504.715765668472,
        -3877.9734617623653,
        -234.84411287303556
      ]
    ],
    [
      [
        0,
        2,
        0,
        1,
        0
      ],
      [
        -72216.18385982118,
        26364.8269633415,
        -21005.38145889274
      ]
    ],
    [
      [
        0,
        2,
        1,
        0,
        0
      ],
      [
        63500.31310077401,
        -13174.088399918357,
        17927.324192258497
      ]
    ],
    [
      [
        0,
        3,
        0,
        0,
        0
      ],
      [
        3015.428571796365,
        1027.8839616096302,
        3745.6685533076943
      ]
    ],
    [
      [
        1,
        0,
        0,
        0,
        2
      ],
      [
        -92124.74044797334,
        22883.540412211187,
        11572.198863179488
      ]
    ],
    [
      [
        1,
        0,
        0,
        1,
        1
      ],
      [
        -140291.56541226432,
        35559.537981296526,
        4516.498233309816
      ]
    ],
    [
      [
        1,
        0,
        0,
        2,
        0
      ],
      [
